,sex,dose,response
1295,1,9.6,271.28
1853,1,5.4,156.3
995,0,9.6,36.75
328,0,2.9,16.35
766,0,6.7,23.63
3155,0,5.6,20.31
2286,1,8.7,243.27
2344,0,4.5,20.17
2738,0,3.9,17.82
61,1,6.2,178.64
918,0,1.9,5.59
2279,1,8.0,229.05
1935,0,3.6,14.33
3096,1,9.7,276.33
298,1,9.9,273.34
428,1,2.9,91.08
907,0,0.8,9.72
1190,0,9.1,33.17
493,1,9.4,262.58
855,1,5.6,160.87
1521,0,2.2,9.74
911,0,1.2,2.7
2642,1,4.3,128.64
728,0,2.9,15.82
1356,0,5.7,21.73
2928,0,2.9,16.41
1457,1,5.8,170.9
2788,0,8.9,24.34
2322,0,2.3,9.03
554,0,5.5,19.57
2241,1,4.2,124.0
2039,1,4.0,118.87
3167,0,6.8,23.94
1100,0,0.1,6.97
580,0,8.1,28.35
1686,1,8.7,246.49
2310,0,1.1,6.02
2747,0,4.8,13.09
1132,0,3.3,12.89
193,0,9.4,33.62
1938,0,3.9,17.54
990,0,9.1,33.81
1526,0,2.7,11.21
623,1,2.4,80.22
1742,0,4.3,18.45
507,0,0.8,10.63
856,1,5.7,164.83
2912,0,1.3,3.6
894,1,9.5,268.19
2418,1,1.9,59.16
2066,1,6.7,190.63
2281,1,8.2,229.48
840,1,4.1,120.67
152,0,5.3,19.39
539,0,4.0,19.3
1728,0,2.9,16.59
1713,0,1.4,9.06
1831,1,3.2,91.15
974,0,7.5,26.16
3099,1,10.0,279.83
679,1,8.0,228.46
888,1,8.9,251.0
631,1,3.2,92.81
3024,1,2.5,76.33
2130,0,3.1,15.96
978,0,7.9,28.36
3141,0,4.2,18.06
1631,1,3.2,92.11
2419,1,2.0,62.89
872,1,7.3,209.66
2612,1,1.3,46.32
733,0,3.4,14.85
1995,0,9.6,35.43
989,0,9.0,25.99
2858,1,5.9,169.56
463,1,6.4,184.62
432,1,3.3,98.3
2656,1,5.7,165.94
1653,1,5.4,155.9
2323,0,2.4,13.08
2782,0,8.3,27.35
589,0,9.0,26.4
355,0,5.6,21.35
2713,0,1.4,7.72
1479,1,8.0,229.4
1454,1,5.5,159.61
2570,0,7.1,31.59
2467,1,6.8,192.65
1448,1,4.9,139.9
2857,1,5.8,170.94
311,0,1.2,5.87
2549,0,5.0,20.02
2351,0,5.2,21.82
2939,0,4.0,16.59
2587,0,8.8,27.03
1020,1,2.1,67.1
2707,0,0.8,11.36
1871,1,7.2,200.98
2641,1,4.2,122.27
1511,0,1.2,4.66
2134,0,3.5,14.37
1115,0,1.6,7.09
290,1,9.1,255.31
1406,1,0.7,26.45
1233,1,3.4,103.63
641,1,4.2,123.84
1850,1,5.1,147.37
795,0,9.6,38.38
2562,0,6.3,24.92
2147,0,4.8,12.97
2290,1,9.1,255.33
3156,0,5.7,21.69
1627,1,2.8,80.22
496,1,9.7,275.62
2664,1,6.5,184.56
2677,1,7.8,223.73
3128,0,2.9,12.96
395,0,9.6,35.88
1314,0,1.5,12.0
1095,1,9.6,270.55
1062,1,6.3,177.97
3008,1,0.9,36.3
3119,0,2.0,10.84
529,0,3.0,12.16
2385,0,8.6,27.68
1187,0,8.8,26.37
2216,1,1.7,58.38
2547,0,4.8,12.49
2767,0,6.8,23.67
1253,1,5.4,157.34
1656,1,5.7,168.44
1164,0,6.5,25.37
2722,0,2.3,9.29
1616,1,1.7,57.83
516,0,1.7,8.2
1250,1,5.1,150.24
2783,0,8.4,31.66
930,0,3.1,15.77
3065,1,6.6,188.14
1598,0,9.9,33.71
1834,1,3.5,106.57
275,1,7.6,209.32
2092,1,9.3,262.11
997,0,9.8,35.23
2292,1,9.3,260.38
3117,0,1.8,12.38
1371,0,7.2,28.91
2098,1,9.9,273.66
1773,0,7.4,29.93
1936,0,3.7,15.65
2401,1,0.2,12.61
1121,0,2.2,11.09
2254,1,5.5,160.11
1982,0,8.3,27.98
374,0,7.5,24.98
1517,0,1.8,9.17
3091,1,9.2,259.49
37,1,3.8,115.27
816,1,1.7,57.29
1081,1,8.2,230.88
1879,1,8.0,227.81
3003,1,0.4,19.18
447,1,4.8,139.46
2941,0,4.2,17.49
2624,1,2.5,76.95
1269,1,7.0,201.44
2315,0,1.6,9.78
2993,0,9.4,33.88
2230,1,3.1,92.42
357,0,5.8,20.26
1118,0,1.9,6.79
1392,0,9.3,32.06
1897,1,9.8,277.23
2938,0,3.9,15.36
996,0,9.7,32.25
2176,0,7.7,26.39
2113,0,1.4,7.65
2096,1,9.7,275.52
1343,0,4.4,16.7
3044,1,4.5,126.07
3085,1,8.6,237.96
2869,1,7.0,201.81
1595,0,9.6,37.39
3125,0,2.6,13.06
2526,0,2.7,9.56
2555,0,5.6,23.11
1254,1,5.5,158.12
1804,1,0.5,21.05
2553,0,5.4,20.24
1409,1,1.0,33.88
2956,0,5.7,18.84
1422,1,2.3,71.91
1680,1,8.1,226.0
993,0,9.4,31.47
871,1,7.2,200.88
146,0,4.7,20.83
2489,1,9.0,257.97
1308,0,0.9,8.51
2087,1,8.8,250.26
1809,1,1.0,33.36
1621,1,2.2,68.23
2953,0,5.4,19.43
2793,0,9.4,32.19
309,0,1.0,7.18
2276,1,7.7,220.3
1189,0,9.0,26.2
39,1,4.0,118.9
2727,0,2.8,11.55
166,0,6.7,22.14
2373,0,7.4,27.57
3188,0,8.9,26.82
1203,1,0.4,20.44
1027,1,2.8,81.65
472,1,7.3,210.39
1217,1,1.8,59.17
3075,1,7.6,211.51
2277,1,7.8,224.48
1368,0,6.9,24.12
1985,0,8.6,30.4
1608,1,0.9,35.31
2962,0,6.3,26.06
972,0,7.3,24.49
1107,0,0.8,10.29
2796,0,9.7,30.57
461,1,6.2,177.42
2734,0,3.5,15.42
1927,0,2.8,11.13
633,1,3.4,105.52
3140,0,4.1,17.71
2109,0,1.0,6.94
2022,1,2.3,73.45
2487,1,8.8,251.1
51,1,5.2,151.74
268,1,6.9,196.53
229,1,3.0,92.81
1373,0,7.4,28.5
2515,0,1.6,9.22
2509,0,1.0,5.88
1366,0,6.7,21.89
1757,0,5.8,21.83
2246,1,4.7,137.08
340,0,4.1,19.71
1896,1,9.7,275.79
299,1,10.0,279.14
2875,1,7.6,209.27
2955,0,5.6,22.17
1744,0,4.5,18.97
1603,1,0.4,20.1
2967,0,6.8,24.17
1513,0,1.4,9.61
1901,0,0.2,6.86
3120,0,2.1,10.28
224,1,2.5,78.81
1333,0,3.4,15.47
2432,1,3.3,96.83
1637,1,3.8,113.4
2063,1,6.4,185.11
59,1,6.0,168.51
343,0,4.4,16.32
2110,0,1.1,5.71
241,1,4.2,122.86
1569,0,7.0,24.5
3026,1,2.7,81.94
2255,1,5.6,161.64
1961,0,6.2,22.44
820,1,2.1,68.02
2356,0,5.7,19.43
1566,0,6.7,23.72
2599,0,10.0,35.84
957,0,5.8,20.51
1655,1,5.6,161.16
581,0,8.2,25.74
1932,0,3.3,14.53
1918,0,1.9,6.69
1841,1,4.2,122.02
2578,0,7.9,28.41
577,0,7.8,28.77
1066,1,6.7,190.61
1291,1,9.2,258.43
260,1,6.1,176.56
869,1,7.0,201.18
778,0,7.9,28.02
2449,1,5.0,148.15
2297,1,9.8,274.37
521,0,2.2,11.03
2551,0,5.2,19.99
1228,1,2.9,92.8
3059,1,6.0,167.6
711,0,1.2,7.04
1886,1,8.7,244.98
1252,1,5.3,152.76
1302,0,0.3,3.1
165,0,6.6,25.13
2308,0,0.9,7.57
2207,1,0.8,32.58
2961,0,6.2,19.69
2814,1,1.5,44.81
3092,1,9.3,261.57
994,0,9.5,31.02
3071,1,7.2,199.93
2888,1,8.9,248.72
1930,0,3.1,15.81
236,1,3.7,110.13
198,0,9.9,32.77
366,0,6.7,22.37
1799,0,10.0,34.65
295,1,9.6,269.79
703,0,0.4,4.81
2466,1,6.7,189.9
932,0,3.3,15.14
1425,1,2.6,82.13
1396,0,9.7,29.85
2270,1,7.1,199.5
2364,0,6.5,24.65
724,0,2.5,10.75
2698,1,9.9,274.82
1624,1,2.5,77.68
2568,0,6.9,23.42
3158,0,5.9,24.69
1310,0,1.1,4.81
1719,0,2.0,9.7
471,1,7.2,198.29
2458,1,5.9,168.98
830,1,3.1,93.04
746,0,4.7,20.15
8,1,0.9,34.1
238,1,3.9,113.01
2218,1,1.9,60.18
3051,1,5.2,150.36
2764,0,6.5,22.02
3010,1,1.1,39.1
504,0,0.5,6.93
506,0,0.7,7.34
185,0,8.6,29.57
2145,0,4.6,21.24
560,0,6.1,22.69
2349,0,5.0,21.35
92,1,9.3,262.55
2631,1,3.2,91.4
349,0,5.0,20.23
2506,0,0.7,8.19
1615,1,1.6,55.72
1929,0,3.0,12.34
1582,0,8.3,29.68
1063,1,6.4,184.11
1191,0,9.2,30.34
122,0,2.3,9.72
2552,0,5.3,18.91
2238,1,3.9,111.34
2190,0,9.1,32.63
1989,0,9.0,27.17
1051,1,5.2,152.25
610,1,1.1,40.34
1000,1,0.1,16.59
60,1,6.1,175.76
2663,1,6.4,184.42
1697,1,9.8,275.61
1439,1,4.0,119.54
1660,1,6.1,176.87
2911,0,1.2,6.95
1391,0,9.2,32.04
2643,1,4.4,128.99
2789,0,9.0,27.15
1236,1,3.7,108.56
540,0,4.1,19.4
1032,1,3.3,98.28
2363,0,6.4,27.84
2702,0,0.3,4.6
1495,1,9.6,267.68
369,0,7.0,25.51
2611,1,1.2,44.26
822,1,2.3,73.25
3043,1,4.4,127.11
2016,1,1.7,58.83
1389,0,9.0,27.7
48,1,4.9,142.85
2072,1,7.3,207.9
464,1,6.5,186.04
452,1,5.3,154.03
2936,0,3.7,13.24
2433,1,3.4,103.82
116,0,1.7,7.77
2326,0,2.7,8.38
2937,0,3.8,16.5
1906,0,0.7,6.98
671,1,7.2,200.95
796,0,9.7,30.87
2534,0,3.5,14.74
2754,0,5.5,20.65
1108,0,0.9,8.5
2756,0,5.7,20.01
2076,1,7.7,218.93
3046,1,4.7,136.99
3041,1,4.2,122.04
1058,1,5.9,169.09
1963,0,6.4,28.71
2554,0,5.5,19.33
481,1,8.2,230.03
162,0,6.3,24.48
1182,0,8.3,29.83
214,1,1.5,48.52
673,1,7.4,214.16
2851,1,5.2,149.36
2004,1,0.5,20.58
2393,0,9.4,31.85
2234,1,3.5,105.57
765,0,6.6,25.42
1745,0,4.6,21.08
1209,1,1.0,37.03
1736,0,3.7,15.33
257,1,5.8,170.42
1690,1,9.1,255.26
1335,0,3.6,14.0
1855,1,5.6,161.88
3176,0,7.7,26.95
207,1,0.8,31.39
634,1,3.5,106.36
1412,1,1.3,45.88
1169,0,7.0,25.69
2236,1,3.7,107.29
1968,0,6.9,21.59
548,0,4.9,22.72
2291,1,9.2,260.44
1824,1,2.5,77.94
2700,0,0.1,7.39
2065,1,6.6,188.44
2964,0,6.5,22.84
3016,1,1.7,58.01
1480,1,8.1,226.64
144,0,4.5,19.53
2737,0,3.8,16.98
1996,0,9.7,31.2
2064,1,6.5,184.54
1418,1,1.9,60.0
3113,0,1.4,9.26
1152,0,5.3,18.91
232,1,3.3,98.14
1980,0,8.1,30.83
2026,1,2.7,83.73
614,1,1.5,45.13
2876,1,7.7,219.12
2514,0,1.5,13.81
899,1,10.0,280.73
2626,1,2.7,80.98
3182,0,8.3,29.05
3149,0,5.0,20.56
2623,1,2.4,80.29
2916,0,1.7,9.48
1174,0,7.5,25.07
686,1,8.7,245.05
1011,1,1.2,45.05
454,1,5.5,157.87
1797,0,9.8,36.67
2627,1,2.8,82.56
2975,0,7.6,23.44
1564,0,6.5,25.28
563,0,6.4,30.08
665,1,6.6,190.11
1891,1,9.2,258.77
1894,1,9.5,268.49
1803,1,0.4,19.59
757,0,5.8,21.21
740,0,4.1,19.63
247,1,4.8,140.2
2620,1,2.1,68.65
1349,0,5.0,20.76
2116,0,1.7,7.94
536,0,3.7,15.6
1807,1,0.8,32.7
1353,0,5.4,19.56
487,1,8.8,251.84
318,0,1.9,5.42
102,0,0.3,3.09
750,0,5.1,25.29
2930,0,3.1,15.06
1838,1,3.9,114.34
46,1,4.7,137.74
719,0,2.0,9.16
17,1,1.8,58.53
1512,0,1.3,3.98
2372,0,7.3,25.55
1360,0,6.1,21.34
616,1,1.7,58.66
3049,1,5.0,146.55
1837,1,3.8,113.03
2097,1,9.8,274.6
1958,0,5.9,23.26
142,0,4.3,18.22
2909,0,1.0,7.44
2976,0,7.7,27.38
1127,0,2.8,10.83
1863,1,6.4,183.48
515,0,1.6,9.46
1247,1,4.8,139.81
2974,0,7.5,26.91
1128,0,2.9,15.49
806,1,0.7,26.35
397,0,9.8,35.34
1068,1,6.9,195.95
65,1,6.6,190.29
84,1,8.5,241.29
438,1,3.9,111.49
1822,1,2.3,72.26
2907,0,0.8,10.18
772,0,7.3,25.78
38,1,3.9,111.65
513,0,1.4,7.44
25,1,2.6,82.89
301,0,0.2,8.48
1903,0,0.4,9.27
2676,1,7.7,221.51
3132,0,3.3,12.91
730,0,3.1,14.6
2212,1,1.3,44.79
2784,0,8.5,26.4
1733,0,3.4,14.5
370,0,7.1,31.22
2260,1,6.1,176.08
2252,1,5.3,153.59
601,1,0.2,10.67
2573,0,7.4,27.97
2848,1,4.9,141.31
2306,0,0.7,7.04
663,1,6.4,185.39
1518,0,1.9,7.17
2300,0,0.1,9.39
1400,1,0.1,15.19
2168,0,6.9,22.91
2757,0,5.8,23.05
2648,1,4.9,143.34
2725,0,2.6,9.98
1811,1,1.2,44.88
2965,0,6.6,23.79
1650,1,5.1,147.32
2602,1,0.3,20.83
2151,0,5.2,21.17
307,0,0.8,10.56
787,0,8.8,27.49
1747,0,4.8,13.88
2732,0,3.3,14.49
2381,0,8.2,28.71
1259,1,6.0,167.44
3019,1,2.0,63.59
571,0,7.2,29.77
476,1,7.7,218.18
1833,1,3.4,104.95
2730,0,3.1,14.59
3098,1,9.9,274.77
2740,0,4.1,17.96
2558,0,5.9,24.63
2655,1,5.6,161.22
1622,1,2.3,71.48
1634,1,3.5,105.53
587,0,8.8,28.75
1304,0,0.5,6.73
2548,0,4.9,22.02
2275,1,7.6,210.78
1046,1,4.7,137.38
1283,1,8.4,234.59
573,0,7.4,28.67
2125,0,2.6,12.65
2317,0,1.8,10.74
1151,0,5.2,22.07
2567,0,6.8,23.58
1770,0,7.1,29.0
2062,1,6.3,176.38
3036,1,3.7,108.81
1176,0,7.7,28.16
701,0,0.2,9.36
2499,1,10.0,279.37
3189,0,9.0,27.72
2446,1,4.7,138.02
1329,0,3.0,13.48
175,0,7.6,22.81
934,0,3.5,12.16
2088,1,8.9,251.19
156,0,5.7,18.33
2915,0,1.6,9.43
1185,0,8.6,30.55
1136,0,3.7,14.01
436,1,3.7,107.88
2628,1,2.9,91.89
3138,0,3.9,15.34
52,1,5.3,155.96
139,0,4.0,17.36
2138,0,3.9,16.98
356,0,5.7,18.36
1390,0,9.1,32.23
2492,1,9.3,260.16
1263,1,6.4,182.08
594,0,9.5,30.77
2013,1,1.4,46.7
1321,0,2.2,10.04
2879,1,8.0,228.21
203,1,0.4,19.9
578,0,7.9,30.07
1766,0,6.7,23.59
550,0,5.1,23.53
3077,1,7.8,223.96
2411,1,1.2,42.91
2471,1,7.2,201.83
1061,1,6.2,177.52
943,0,4.4,15.87
74,1,7.5,212.25
1905,0,0.6,3.53
1746,0,4.7,20.54
3068,1,6.9,195.1
484,1,8.5,241.83
95,1,9.6,269.71
53,1,5.4,156.86
630,1,3.1,94.2
2484,1,8.5,242.69
218,1,1.9,57.74
1794,0,9.5,30.73
1383,0,8.4,29.53
1722,0,2.3,8.85
2751,0,5.2,21.09
1,1,0.2,12.9
788,0,8.9,24.77
2960,0,6.1,22.46
1157,0,5.8,20.37
1542,0,4.3,18.64
382,0,8.3,29.49
2579,0,8.0,30.62
55,1,5.6,161.91
1434,1,3.5,107.12
2887,1,8.8,246.99
2574,0,7.5,24.74
2387,0,8.8,28.15
2115,0,1.6,9.04
3171,0,7.2,29.44
1082,1,8.3,235.22
234,1,3.5,105.79
2820,1,2.1,67.5
1130,0,3.1,14.79
555,0,5.6,22.3
2181,0,8.2,26.62
1199,0,10.0,34.94
2950,0,5.1,25.04
923,0,2.4,14.22
